sentences,labels,lang
PMCE: efficient inference of expressive models of cancer evolution with high prognostic power,bioinformatics,0
灵长类动物睾丸转录组的收敛演化反映了交配策略,evolutionary biology,1
一种用于预测蛋白质RNA相互作用中残基碱接触的最大修订模型,bioinformatics,1
基于ATOSC两组分制的工程乙酸乙酸酯诱导的全细胞生物传感器,synthetic biology,1
Association of NQO1 C609T (Pro187Ser) with risk of Oral Submucous Fibrosis in Eastern Indian population,genetics,0
Fast gene set enrichment analysis,bioinformatics,0
Immunoecology of species with alternative reproductive tactics and strategies,evolutionary biology,0
遗传密码和基因组被优化为移码耐受性，而移码和野生型蛋白序列始终高度相似,genetics,1
使用3-Locus连锁不平衡估算多个混合事件的时间安排,bioinformatics,1
重新审视红色对人类竞争的影响,evolutionary biology,1
Resolving the Functional Significance of BRCA1 RING Domain Missense Substitutions,genetics,0
持续的软件开发，而不是引用数量或期刊选择，表明了准确的生物信息学软件,bioinformatics,1
在单细胞RNA-seq实验中校正嵌合串扰,bioinformatics,1
The Arabidopsis Framework Model version 2 predicts the organism-level effects of circadian clock gene mis-regulation,plant biology,0
Aperiodic neural activity is a better predictor of schizophrenia than neural oscillations,neuroscience,0
Population Temporal Structure Supplements The Rate Code During Sensorimotor Transformations,neuroscience,0
Sexual dimorphism and plasticity in wing shape in three Diptera,zoology,0
无激光超分辨率显微镜,biophysics,1
The Effects of Central Nervous System Stimulants on Drosophila melanogaster Reproduction,developmental biology,0
Proteins with prion-like domains can form viscoelastic condensates that enable membrane remodeling and endocytosis,cell biology,0
肠道到神经元信号传导在露天秀丽隐杆线虫中改变冒险行为,neuroscience,1
Distinct C4 Sub-Types and C3 Bundle Sheath Isolation In The Paniceae Grasses,plant biology,0
The effects of an 8-week mindful eating intervention on anticipatory reward responses in striatum and midbrain,neuroscience,0
Bromodomains regulate dynamic targeting of the PBAF chromatin remodeling complex to chromatin hubs,cell biology,0
cytoNet: Spatiotemporal Network Analysis of Cell Communities,bioengineering,0
植物遗传对微生物中心的影响影响整个现场试验的适应性,plant biology,1
MARS-Net: Deep learning-based segmentation pipeline for profiling cellular morphodynamics from multiple types of live cell microscopy,bioinformatics,0
组蛋白脱乙酰基酶抑制减少了由Ingenol刺激诱导的有害细胞因子释放,microbiology,1
"血浆淀粉样β水平由APOE，BACE1，APP，PSEN2附近的遗传变异驱动：全基因组的关联研究超过12,000名非痴呆参与者",genetics,1
Measuring nonapoptotic caspase activity with a transgenic reporter in mice,neuroscience,0
改进的管理促进了标志性鱼类的返回,ecology,1
Early urinary candidate biomarkers and clinical outcomes of intervention in a rat model of experimental autoimmune encephalomyelitis,biochemistry,0
Majority of choice-related variability in perceptual decisions is present in early sensory cortex,neuroscience,0
在HI-C实验中删除样品之间的不良变化,genomics,1
细菌GW效应器直接靶向拟南芥1，以抑制被诱发的免疫力并引起疾病,plant biology,1
考拉逆转录病毒的差异和缺陷表达表明宿主和病毒的复杂性,microbiology,1
Experimental evidence of non-classical brain functions,bioinformatics,0
A GenoChemetic strategy  for derivatization of the violacein natural product scaffold,synthetic biology,0
概念证明在活细胞中连续事件记录,synthetic biology,1
Modeling Dynamic Transcriptional Circuits with CRISPRi,synthetic biology,0
Scanning along a compressed timeline of the future,animal behavior and cognition,0
Single-cell characterization of step-wise acquisition of carboplatin resistance in ovarian cancer,cancer biology,0
System drift and speciation,evolutionary biology,0
玻璃珠对电池培养的有效性,biophysics,1
Iron oxidation by a fused cytochrome-porin common to diverse iron-oxidizing bacteria,microbiology,0
分子和形态学的新型整合建模精确指标横跨时间尺度的犬科进化,evolutionary biology,1
Dynamic Flux Balance Analysis Models in SBML,bioinformatics,0
SEIDR：有效计算可靠的集合基因网络,bioinformatics,1
次级低磁化显微照片的高通量微殖民生长分析,bioinformatics,1
Visual and auditory brain areas share a representational structure that supports emotion perception,neuroscience,0
稀有变体关联研究的贝叶斯模型比较,genetics,1
NK细胞激活和抑制受体的纳米级共定位控制信号积分,immunology,1
精灵：用于教学遗传漂移的互动实时模拟,scientific communication and education,1
突变鲁棒性对多细胞生物的发展性的影响,evolutionary biology,1
语义网络大脑区域在将先验知识与持续对话集成的重要性,neuroscience,1
Y染色体非编码RNA通过小鼠睾丸中的PIRNA调节常染色体基因表达,genomics,1
Effects of adaptive harvesting on fishing down processes and resilience changes in predator-prey systems,ecology,0
Does deterministic coexistence theory matter in a finite world?,ecology,0
Splicing motifs are organized within global structural scaffold of a pre-mRNA,biochemistry,0
Manipulation of the unfolded protein response: a pharmacological strategy against coronavirus infection,microbiology,0
Dissecting indirect genetic effects from peers in laboratory mice,genetics,0
Spatial distribution of private gene mutations in clear cell renal cell carcinoma,cancer biology,0
DSBA是一种可氧化还原的机械伴侣,biophysics,1
A constraints-based theory of senescence: imbalance of epigenetic and non-epigenetic information in histone crosstalk,developmental biology,0
Cargo-Loading of Misfolded Proteins into Extracellular Vesicles: The CSPα-EV Export Pathway,neuroscience,0
结构上有效的有效大脑连通性,neuroscience,1
Characterization of Animal Movement Patterns using Information Theory: a Primer,ecology,0
精子形态差异与猪生育,developmental biology,1
Direct programming of human mammary self-organised organoids by miR-106a-3p,cell biology,0
热平衡处的聚合物刷双层：密度功能理论方法,biophysics,1
经验单细胞跟踪和细胞命运模拟揭示了p53在肿瘤抑制中的双重作用,cell biology,1
Identification and design of vinyl sulfone inhibitors against Cryptopain1-a cysteine protease from cryptosporidiosis-causing Cryptosporidium parvum,bioinformatics,0
Spatial RNA sequencing identifies robust markers of vulnerable and resistant human midbrain dopamine neurons and their expression in Parkinson's Disease,neuroscience,0
在人类推理中解离语言和思想,neuroscience,1
广泛的地理抽样揭示了果蝇的可预测，普遍和强烈的季节性适应,evolutionary biology,1
使用单摄像机进行鸟类飞行的3D重建,animal behavior and cognition,1
种间真菌杂种龙孢菌显示亚基因组特异性基因表达,microbiology,1
Ecological Network assembly: how the regional meta web influence local food webs,ecology,0
Network Reconstruction from Perturbation Time Course Data,systems biology,0
"Rapid adaptation of endocytosis, exocytosis and eisosomes after an acute increase in membrane tension in yeast cells",cell biology,0
对假单胞菌蛋白质的实验进化的表型和遗传结果的进化预测,evolutionary biology,1
KCHIP4A选择性控制中脱甲贝胺多巴胺神经元抑制性整合并从阴性预测错误中学习,neuroscience,1
A pragmatic approach to make theoretical syntheses in ecology,ecology,0
Microbial adaptation to venom is common in snakes and spiders,microbiology,0
The Goldilocks Effect: Female geladas in mid-sized groups have higher fitness,evolutionary biology,0
Joint inference of species histories and gene flow,evolutionary biology,0
5'修改提高了精确基因组编辑的DNA供体的效力和功效,molecular biology,1
结构感知的结核分枝杆菌功能注释解开耐药性，代谢和毒力基因,genomics,1
分散语言信息会损害演讲的神经跟踪,neuroscience,1
"Extracellular histones, a new class of inhibitory molecules of CNS axonal regeneration",neuroscience,0
Dispensing a synthetic green leaf volatile to two plant species in a common garden differentially alters physiological responses and herbivory,ecology,0
北方湖泊的浮游植物和浮游动物社区的分类和功能生物地理,ecology,1
使用机器学习预测连续性的亚临床精神病经验,neuroscience,1
腹侧额叶损伤的人具有更不稳定但仍具有传递性的偏好,neuroscience,1
使用稀数式化的肿瘤基因组中的从头突变签名发现,bioinformatics,1
"GranatumX: A community engaging, modularized and flexible software environment for single-cell analysis",bioinformatics,0
来自基因区域的高质量SNP突出了欧洲白橡树（Quercus Petraea和Q. Robur）中的渗入模式。,evolutionary biology,1
Eye movements during text reading align with the rate of speech production,neuroscience,0
Basal ganglia and cortical control of thalamic rebound spikes,neuroscience,0
Reduction in CD11c+ microglia correlates with clinical progression in chronic experimental autoimmune demyelination,neuroscience,0
Dimerisation of APOBEC1 is dispensable for its RNA/DNA editing activity and modulates its availability,molecular biology,0
洞穴甲烷营养社区的多样性和组成,microbiology,1
Genetic characterization of outbred Sprague Dawley rats and utility for genome-wide association studies,genetics,0
核包膜萌芽是对细胞应激的反应,cell biology,1
张力抑制了Aurora B激酶触发的重构动力学微管附件的释放,cell biology,1
Human cortical dynamics during full-body heading changes,neuroscience,0
Paternal knockdown of tRNA (cytosine-5-)-methyltransferase (Dnmt2) increases offspring susceptibility to infection in flour beetles,evolutionary biology,0
一种预测产生孢子的病原体对异质环境中定量抗性的适应性的epi-进化模型,evolutionary biology,1
Subcutaneous neurotrophin-3 infusion induces corticospinal neuroplasticity and improvements in dexterity and walking in elderly rats after large cortical stroke,neuroscience,0
Ratio-based sensing of two transcription factors regulates the transit to differentiation,developmental biology,0
Pink Cedar (Acrocarpus fraxinifolius): its prophylactic role against APAP induced organs toxicity in rats and its antiviral activity against Herpes simplex virus type 1,physiology,0
Dual brain cortical calcium imaging reveals social interaction-specific wide-spread correlated cortical activity in mice.,neuroscience,0
RegTools：用于发现癌症剪接变体的基因组和转录数据的综合分析,bioinformatics,1
感官经验通过涉及脱纳尔蛋白的不同途径控制树突结构和行为,neuroscience,1
两者中最好的：一个新的脂质综合体具有胶束和类似于比塞尔的特性,biophysics,1
通过多元ACE建模方法推断大型功能网络的遗传力,neuroscience,1
阿尔茨海默氏症的BIN1遗传危险因素足以诱导内hinal骨皮质道回路的早期结构性改变和相关的海马多尺度损害,neuroscience,1
Single cell variations in expression of codominant alleles A and B on RBC of AB blood group individuals.,genetics,0
由于分层近似推断，知觉决策的确认偏见,animal behavior and cognition,1
在个人规模上推断世代之间的语言传播,bioinformatics,1
我知道！基于响应的结果预测和信心调节反馈处理和学习,neuroscience,1
用于与曝光变量的高维相互作用的稀疏添加剂模型,bioinformatics,1
Decoding locomotion from population neural activity in moving C. elegans,neuroscience,0
Epigenome priming dictates transcription response and white matter fate upon perinatal inflammation,developmental biology,0
Reorganization of thalamocortical connections in congenitally blind humans,neuroscience,0
Inference of the worldwide invasion routes of the pinewood nematode Bursaphelenchus xylophilus using approximate Bayesian computation analysis,genetics,0
循环，与条件无关的活性在原发性运动皮层中预测矫正运动行为,neuroscience,1
通过可视化基因环境 - 环境交往，了解范围扩展和环境适应的人口历史,bioinformatics,1
The molecular pH-response mechanism of the plant light-stress sensor PsbS,biophysics,0
在羟考酮自身给药期间，脑奖励状态的矛盾变化在负面强化假设的新测试中,neuroscience,1
From predictive models to cognitive models: Separable behavioral processes underlying reward learning in the rat,animal behavior and cognition,0
Brain X chromosome inactivation is not random and can protect from paternally inherited neurodevelopmental disease.,neuroscience,0
"Timing polymerase pausing with TV-PRO-seq: dissecting the interplay of pausing duration and location, and gene expression",systems biology,0
A thermodynamic chemical reaction network drove autocatalytic prebiotic peptides formation,biochemistry,0
从成对记录和光遗传学推断因果关系,neuroscience,1
"In for a pound, in for a penny: How the opportunity to gain reward influences the competition for memory resources",neuroscience,0
喀麦隆三个健康区的持久杀虫网的所有权，覆盖范围，利用和维护：一项横断面研究,epidemiology,1
健康的选择取决于信息积累的延迟和速率,neuroscience,1
Consistency of non-cognitive skills and their relation to educational outcomes in a UK cohort,genetics,0
可以通过一种机制来解释对注意力的预测性和奖励影响,neuroscience,1
Candida Utilis和Idesia Polycarpa var的联合使用。维斯蒂塔水果改善了鹌鹑的生产性能,microbiology,1
EEG-based detection of the locus of auditory attention with convolutional neural networks,neuroscience,0
Mismatch repair disturbs meiotic class I crossover control,genetics,0
Neural Basis Of The Sound-Symbolic Crossmodal Correspondence Between Auditory Pseudowords And Visual Shapes,neuroscience,0
Uncovering Network Architecture Using an Exact Statistical Input-Output Relation of a Neuron Model,neuroscience,0
A learned embedding for efficient joint analysis of millions of mass spectra,bioinformatics,0
体细胞疾病减轻Schwachman-Diamond综合征中最具破坏性的EFL1等位基因组合,genetics,1
喀麦隆三个卫生区的年度家庭疟疾发作（AHMES）的持久杀虫剂网（LLIN）所有权/利用率指标的影响,epidemiology,1
Cell fitness is an omniphenotype,systems biology,0
Non-random sister chromatid segregation mediates rDNA copy number maintenance in Drosophila,developmental biology,0
新型的机械敏感频道控制锥虫锥虫菌的渗透调节，分化和感染力,microbiology,1
Species Tree Inference on Data with Paralogs is Accurate Using Methods Intended to Deal with Incomplete Lineage Sorting,evolutionary biology,0
Neurocomputational underpinnings of expected surprise,neuroscience,0
Visual exposure enhances stimulus encoding and persistence in primary cortex,neuroscience,0
视觉决策中鼠标皮层的感觉编码和因果影响,neuroscience,1
Identification of leukemic and pre-leukemic stem cells by clonal tracking from single-cell transcriptomics,genomics,0
果蝇Tbetah基因的等位基因的差异优势挑战标准遗传技术,genetics,1
与类维生素相关的核受体和Let-7 microRNA之间的反馈控制了秀丽隐杆线虫中摩擦周期的速度和数量。,developmental biology,1
Cyclic Nucleotide-Gated Ion Channel 2 modulates auxin homeostasis and signaling,plant biology,0
用可变的横向横向层有效，有效地识别复杂序列模式,bioinformatics,1
Rigorous equations for isothermal titration calorimetry: theoretical and practical consequences,biophysics,0
发现进化染色质对转座活性反应的足迹：将生物物理与生物信息学合并,biophysics,1
叶绿体改变其形态并在感染疫霉菌感染期间在病原体界面上积聚,plant biology,1
核体中RBM10的固相：靶向序列和生物学意义,molecular biology,1
Rbm10 facilitates heterochromatin assembly via the Clr6 HDAC complex,molecular biology,0
数据驱动的掺杂化学物质的转录分类法，以鉴定白色和乳脂剂量,pharmacology and toxicology,1
Stimulation of phospholipase Cβ1 by Gαq promotes the assembly of stress granule proteins,biochemistry,0
A neuroendocrine pathway modulating osmotic stress in Drosophila,neuroscience,0
Development and maintenance of synaptic structure is mediated by the alpha-tubulin acetyltransferase MEC-17/αTAT1,cell biology,0
印迹的IGF2-IGF2R轴对于将胎盘微脉管膨胀与胎儿生长匹配至关重要,developmental biology,1
早期胚胎发育中的进行性域分离以及与遗传和表观遗传变化的基本相关性,developmental biology,1
Krüppel-like factor gene function in the ctenophore Mnemiopsis leidyi assessed by CRISPR/Cas9-mediated genome editing,developmental biology,0
通过谱系转换和癌基表达组合的细胞转化,cancer biology,1
Phosphorylation-dependent routing of RLP44 towards brassinosteroid or phytosulfokine signalling,plant biology,0
鉴定多样性小鼠微生物组数据中样品混合和混合物,genetics,1
Widespread latitudinal asymmetry in marginal population performance,ecology,0
从基底外侧杏仁核到腹侧海马的单突触投影的化学发生抑制可减少食欲和彻底的酒精饮酒行为,neuroscience,1
Thunor: Visualization and Analysis of High-Throughput Dose-response Datasets,pharmacology and toxicology,0
神经时间序列数据的多元分类中的高通滤器数据,neuroscience,1
The HIV-1 ribonucleoprotein dynamically regulates its condensate behavior and drives acceleration of protease activity through membraneless granular phase separation,molecular biology,0
Long-term potentiation in neurogliaform cells modulates excitation-inhibition balance in the temporoammonic pathway,neuroscience,0
Individual tree-crown detection in RGB imagery using semi-supervised deep learning neural networks,ecology,0
多运动分析揭示了哺乳动物CIC在细胞周期调节和有丝分裂保真度中的作用,cancer biology,1
与Granger因果关系的网络推断单细胞转录组数据,bioinformatics,1
Multiple sources of Shh are critical for the generation and scaling of ventral spinal cord oligodendrocyte precursor populations.,developmental biology,0
微生物的代谢和阿特里比菌主导的甲烷水合物沉积物的适应,microbiology,1
玉米品种显微镜图像中的气孔分类和检测系统,plant biology,1
标量庞加罗地图，用于在Xenopus Tadpoles中挣扎,neuroscience,1
蛋白质的食欲驱动大量营养素相关的腹侧换段区域神经活动的差异,neuroscience,1
"Dot1L-dependent H3K79 methylation facilitates histone variant H2A.Z exchange at DNA double strand breaks and is required for high fidelity, homology-directed DNA repair",molecular biology,0
Optical measurement of voltage sensing by endogenous ion channel,biophysics,0
疫病：K-Mers有效的精确关联结构,bioinformatics,1
从概念到翻译的细胞流行病学的工作流动,physiology,1
玉米括号根机制因螺纹，基因型和生殖阶段而异,plant biology,1
Urinary glucocorticoids in harbour seal (Phoca vitulina) pups during rehabilitation,zoology,0
The pharmacodynamic inoculum effect from the perspective of bacterial population modeling,pharmacology and toxicology,0
相反的类固醇信号通过秀丽隐杆线虫中脂肪代谢的深刻变化来调节蛋白质稳态,genetics,1
开花基因调节网络采用的基因组暗物质中可转座元件的痕迹。,genomics,1
狂犬病病毒具有不稳定结构域，仅当去除域时，在神经元之间添加了核蛋白扩散,neuroscience,1
动态连接流感病毒感染动力学，肺损伤，炎症和疾病严重程度,systems biology,1
Transcriptomic analysis of human and mouse muscle during hyperinsulinemia demonstrates insulin receptor downregulation as a mechanism for insulin resistance,physiology,1
通过部分蛋白涂层和自由旋转的底座使针对高急性压力的内吞作用变得更容易,biophysics,0
负面影响引起反事实表示的快速学习：一种基于模型的面部表达分析方法,neuroscience,0
传输RNA受体组中的编码三胞胎及其在当前和过去的tRNA识别中的作用,genetics,1
"Internal noise measures in coarse and fine motion direction discrimination tasks, and the correlation with autism traits",neuroscience,1
Polymer brush bilayers under stationary shear motion at linear response regime: A theoretical approach,biophysics,0
What the odor is not: Estimation by elimination,neuroscience,0
CDC14磷酸酶控制减数分裂过程中重组中间体和跨界形成的分辨率,genetics,1
与富含AU的RNA结合的死端的溶液结构揭示了mRNA调节所需的串联RRM-RNA识别的前所未有的模式,molecular biology,0
在黄海保存未受保护的重要沿海栖息地：Lianyungang的海鸟发生，分配和食物资源,ecology,0
Eco-evolutionary dynamics further weakens mutualistic interaction and coexistence under population decline,ecology,1
事件细分显示工作内存遗忘率,neuroscience,1
对Neurospora Crassa中减数分裂沉默的DNA同源性的重组识别的识别,molecular biology,1
Publicly available transcriptomes provide the opportunity for dual RNA-Seq meta analysis in Plasmodium infection,bioinformatics,0
"Common variants associated with OSMR expression contribute to carotid plaque vulnerability, but not to cardiovascular disease in humans",genetics,1
Liver X Receptor; Controls Hepatic Stellate Cell Activation via Hedgehog Signaling,cell biology,0
Balancing selection of the Intracellular Pathogen Response in natural Caenorhabditis elegans populations,genetics,0
候选因果变体既增强的认知表现又增加了双相情感障碍的风险,genetics,1
"PME-1 suppresses anoikis, and is associated with therapy relapse of PTEN-deficient prostate cancers",cancer biology,1
A stable pollination environment limits current but not potential evolution of floral traits,evolutionary biology,1
蛋白质结构没有结构确定：基于体外进化的直接耦合分析,evolutionary biology,1
Variations in Structural MRI Quality Significantly Impact Commonly-Used Measures of Brain Anatomy,neuroscience,1
Rapid neural representations of personally relevant faces,neuroscience,0
Single trial dynamics of attentional intensity in visual area V4,neuroscience,0
"Quantifying Climatic and Socio-Economic Influences on Urban Malaria in Surat, India: A Modelling Study",ecology,0
基因组数据和多物种人口统计模型发现了当前同种异体淡水物种之间的过去杂交,evolutionary biology,0
Effective clustering for single cell sequencing cancer data,cancer biology,1
全球哺乳动物Zooregions揭示了过去人类影响的信号,ecology,0
从整个基因组序列数据中恢复性状遗传力,genetics,1
The PIWI/piRNA response is relaxed in a rodent that lacks mobilizing transposable elements,evolutionary biology,1
哺乳动物线粒体突变光谱是细胞和生物衰老的标志。,genomics,1
"Familiar neighbours, but not relatives, enhance fitness in a territorial mammal",evolutionary biology,1
The degree of polymerization and sulfation patterns in heparan sulfate are critical determinants of cytomegalovirus entry into host cells,microbiology,1
图书馆的准备和测序平台引入了基于元基因组的微生物特征的偏见,microbiology,0
单位分辨率的氨基酸倾斜度变化的系统发育推断,evolutionary biology,0
蛤corbicula中的广泛遗传混合,evolutionary biology,1
Rate-limiting transport of positive charges through the Sec-machinery is integral to the mechanism of protein transport,biochemistry,0
Single cell transcriptomics identifies master regulators of dysfunctional pathways in SOD1 ALS motor neurons,genomics,0
人类原发性皮层的种群接受场，作为DC平衡带通滤波器组织。,neuroscience,1
CRISPR-SID: identifying EZH2 as a druggable target for desmoid tumors via in vivo dependency mapping,cancer biology,0
OpenAnnotate: a web server to annotate the chromatin accessibility of genomic regions,bioinformatics,1
Rapid label-free identification of pathogenic bacteria species from a minute quantity 1 exploiting three-dimensional quantitative phase imaging and artificial neural network,microbiology,1
Quality control of large genome datasets using genome fingerprints,genomics,1
以肿瘤为目标的儿童疫苗通过减毒李斯特菌的抗原减少胰腺癌,immunology,0
Heterologous Cas9 and non-homologous end joining as a Potentially Organism-Agnostic Knockout (POAK) system in bacteria,synthetic biology,0
从生长停滞对照中释放后的杂染色质更新在整个基因组的转录重新激活中，,molecular biology,1
MetaNovo: a probabilistic approach to peptide discovery in complex mass spectrometry datasets,bioinformatics,0
高通量纳米镜检查的集成平台,biophysics,1
亚基间耦合可以通过还原羧酸酶实现快速的二氧化碳固定,biophysics,1
Network science inspires novel tree shape statistics,bioinformatics,1
一套稀有微生物与主导，可遗传的真菌内生菌相互作用，以影响植物特征表达,ecology,0
竞争和多样性的稳定作用决定疫苗对抗生素耐药性演化的影响,evolutionary biology,0
奖励动机增加了单变量活动，但对整个额叶皮层的任务相关信息的编码影响有限,neuroscience,1
参考质粒PHXB2_D是一种HIV-1分子克隆,genomics,0
使用一种新型的小分子抑制剂将转移耦合到pH传感GPR68,cancer biology,0
解开印尼缠结网渔业：描述针对大型威胁射线的数据贫困渔业（batoidea订购）,zoology,1
"On the efficacy of restoration in stream networks: comments, critiques, and prospective recommendations",ecology,1
Integrase-mediated differentiation circuits improve evolutionary stability of burdensome and toxic functions in E. coli,synthetic biology,1
Regulatory network-based imputation of dropouts in single-cell RNA sequencing data,bioinformatics,1
Resistance to aztreonam in combination with non-β-lactam β-lactamase inhibitors due to the layering of mechanisms in Escherichia coli identified following mixed culture selection.,microbiology,0
Attention Decorrelates Sensory and Motor Signals in the Mouse Visual Cortex,neuroscience,1
A developmental framework linking neurogenesis and circuit formation in the Drosophila CNS,neuroscience,1
在最近引入的侵入性蛤的缓慢增长的种群中，与适应性相关的特征最大化：这是对强R-sealection的反应吗？,ecology,0
O-glycosylation regulates plant developmental transitions downstream of miR156,plant biology,1
An Optimized Registration Workflow and Standard Geometric Space for Small Animal Brain Imaging,neuroscience,1
揭示穆勒模仿对颜色模式显着性演变的影响,evolutionary biology,1
"On the cortical mapping function -- visual space, cortical space, and crowding",neuroscience,1
单个项目的记忆与非增强偏好更改有关,neuroscience,1
Predation strategies of the bacterium Bdellovibrio bacteriovorus result in overexploitation and bottlenecks,microbiology,0
在没有生殖隔离的情况下 - 物种形成后的广泛基因流,evolutionary biology,0
trnascan-se 2.0：改进的转移RNA基因的检测和功能分类,bioinformatics,1
The neuronal calcium sensor Synaptotagmin-1 and SNARE proteins cooperate to dilate fusion pores,biophysics,1
Low centrosome numbers correlate with higher aggressivity in ovarian cancer,cancer biology,1
通过刺激的拉曼散射显微镜在组织中蛋白质和脂质质量浓度测量,bioengineering,1
通过抑制回路的动态重新配置，齿状回处理的胆碱能调节,neuroscience,1
与河鱼社区的视觉和捕获调查相比,ecology,1
消费者性二态性的复杂社区范围内的后果,ecology,1
The regenerating skeletal muscle niche guides muscle stem cell self-renewal,cell biology,1
Synthetic design of farnesyl-electrostatic peptides for development of a protein kinase A membrane translocation switch,cell biology,1
First report of marine sponge Chelonaplysilla delicata (Demospongiae: Darwinellidae) from the Andaman Sea/Indian Ocean with a baseline information of epifauna on a mesophotic shipwreck,ecology,1
ZFY和CTCF的定量分析揭示了对串联锌指蛋白的依赖识别。,genetics,1
认知发展过程中的基因体验相关性：青少年脑认知发展（ABCD）StudySM的证据,neuroscience,0
Role of Water-bridged Interactions in Metal Ion Coupled Protein Allostery,biochemistry,0
An automated model reduction tool to guide the design and analysis of synthetic biological circuits,synthetic biology,0
Metacognitive awareness of difficulty in action selection: the role of the cingulo-opercular network,neuroscience,1
"An optimized tissue clearing protocol for rat brain labeling, imaging, and high throughput analysis",neuroscience,0
通过合作的潜在遗传变异提高植物群的生产率,plant biology,0
与关节角度相比，肌肉扭矩提供了势后运动缺陷的敏感度量。,neuroscience,1
流感特异性效应子记忆B细胞预测人类疫苗接种的长寿命抗体反应,immunology,0
Mutators drive evolution of multi-resistance to antibiotics,evolutionary biology,1
A Hessian-based decomposition characterizes how performance in complex motor skills depends on individual strategy and variability,neuroscience,0
比较统计和机械模型，以识别后边缘人群中死亡率的驱动力,ecology,0
解构分类X分类X分类X环境相互作用在微生物群中：理论检查,ecology,1
随机事件的概率的阻尼振荡，然后是绝对耐火周期：精确的分析结果,neuroscience,0
使用功能性MRI估算天气对大脑功能的影响：警告说明,neuroscience,0
Secondary Structure Motifs Made Searchable to Facilitate the Functional Peptide Design,bioinformatics,1
使用集合表示，在通量平衡分析中缓解生物量组成不确定性,systems biology,1
Molecular Determinants of μ-Conotoxin KIIIA interaction with the Voltage-Gated Sodium Channel Nav1.7,biophysics,0
Deep learning does not outperform classical machine learning for cell-type annotation,bioinformatics,1
Regulatory regions in natural transposable element insertions drive interindividual differences in response to immune challenges in Drosophila,evolutionary biology,0
Neural pathways linking hypoxia with pectoral fin movements in Danio rerio,neuroscience,0
需要对直接作用抗病毒药政策进行重新治疗，以消除注射毒品的人中的丙型肝炎,epidemiology,1
Amyloid-β induced membrane damage instigates tunneling nanotubes by exploiting PAK1 dependent actin remodulation,cell biology,1
捕获帕金森患者深层表型变异的通用潜在轴揭示了患阿尔茨海默氏病遗传风险高的患者更有可能发展出更具侵略性的帕金森氏症。,neuroscience,1
奥沙西m和认知重新评估：一个随机实验,neuroscience,1
Systematic detection of brain protein-coding genes under positive selection during primate evolution and their roles in cognition,genetics,1
Simplified high-throughput methods for deep proteome analysis on the timsTOF Pro,biochemistry,1
从尖峰到细胞间波：调整细胞间CA2+信号传导动力学调节器官尺寸控制,systems biology,0
Dynamic pneumococcal genetic adaptations support bacterial growth and inflammation during coinfection with influenza,microbiology,1
Whole body regeneration deploys a rewired embryonic gene regulatory network logic,developmental biology,0
Eating in a losing cause: limited benefit of modified macronutrient consumption following infection in the oriental cockroach Blatta orientalis,ecology,0
Temozolomide-induced guanine mutations create exploitable vulnerabilities of guanine-rich DNA and RNA regions in drug resistant gliomas,cancer biology,0
Pristionchus Pacificus中减数分裂的分析揭示了同源物配对和突触中的可塑性,cell biology,0
基于最大依赖捕获原理的不变对象表示,neuroscience,1
Staufen在神经退行性中阻止自噬,neuroscience,1
药物诱导的结直肠癌类器官的表型景观,genomics,1
InetModels 2.0：多摩变数据的交互式可视化和数据库,bioinformatics,0
Pervasive Translation in Mycobacterium tuberculosis,microbiology,0
微型标本制备的简单压力辅助方法,molecular biology,0
小费点分析从基因表达曲线中发现临界过渡信号,systems biology,0
染色质拓扑的组织者RIF1确保细胞对DNA复制应力的弹性。,cell biology,1
学习期间的过去和现在的独立人口编码,neuroscience,1
Compensating for a shifting world: evolving reference frames of visual and auditory signals across three multimodal brain areas,neuroscience,1
DREAM Interrupted: Severing LIN-35-MuvB association in Caenorhabditis elegans impairs DREAM function but not its chromatin localization,molecular biology,0
Agonist-independent Prostaglandin EP3 Receptor signaling is required to prevent insulin hypersecretion and metabolic dysfunction in a non-obese mouse model of insulin resistance,physiology,1
Curiosity eliminates the exploration-exploitation dilemma,animal behavior and cognition,1
在pueraria tuberosa暴露下，查尔斯·福斯特大鼠不同器官的组织病理学研究,pharmacology and toxicology,1
小鼠CD8 T细胞反应中个体间变异性的建模和表征,immunology,1
Binned Relative Environmental Change Indicator (BRECI): A tool to communicate the nature of differences between environmental niche model outputs,ecology,0
易于动力学：一种新型的酶动力学特征软件,biochemistry,0
Subtype-specific and co-occurring genetic alterations in B-cell non-Hodgkin lymphoma,genomics,0
Single EGF mutants unravel the mechanism for stabilization of Epidermal Growth Factor Receptor (EGFR) system,bioinformatics,1
Intramolecular Communication and Allosteric Sites in Enzymes Unraveled by Time-Dependent Linear Response Theory,biophysics,0
Reproducible microbial community dynamics of two drinking water systems treating similar source waters.,microbiology,0
精确的，超低的覆盖范围基因组重建和杂交群映射种群中的关联研究,genetics,0
Artisanal and farmers bread making practices differently shape fungal species diversity in French sourdoughs,ecology,0
估计多物种合并下的物种时间,evolutionary biology,1
使用工程噬菌体 - 涂蛋白-RNA复合物形成合成RNP颗粒,biophysics,1
Complement C3 and C3aR mediate different aspects of emotional behaviours; relevance to risk for psychiatric disorder,neuroscience,0
BSU1家族磷酸酶的磷化物酶的生长和免疫受体激酶下游的反应信号,plant biology,0
鲸鲨基因组揭示了脊椎动物基因家族进化的模式,genomics,0
CHD4-NURD controls mouse neonate spermatogonia survival,developmental biology,0
MERTK on mononuclear phagocytes regulates T cell antigen recognition at autoimmune and tumor sites,immunology,0
Label-retention expansion microscopy,bioengineering,0
A novel metric reveals previously unrecognized distortion in dimensionality reduction of scRNA-Seq data,bioinformatics,0
Epithelial-Mesenchymal Plasticity is regulated by inflammatory signalling networks coupled to cell morphology.,systems biology,1
具有树突状平台电位的神经计算模型的最小模型。,neuroscience,1
Mendelian随机研究脂蛋白亚构件在冠状动脉疾病中的作用,genetics,0
DNA end-resection in highly accessible chromatin produces a toxic break,cell biology,0
Mechanics of MTOC clustering and spindle positioning in budding yeast Cryptococcus neoformans,biophysics,1
结菌素E1与TOLC结合为开放铰链以穿透外膜,biophysics,1
Aquatic biodiversity enhances multiple nutritional benefits to humans,ecology,1
ORP5/8 AND MIB/MICOS LINK ER-MITOCHONDRIA AND INTRAMITOCHONDRIAL CONTACTS FOR NON-VESICULAR TRANSPORT OF PHOSPHATIDYLSERINE,cell biology,1
From heterogenous morphogenetic fields to homogeneous regions as a step towards understanding complex tissue dynamics,developmental biology,0
可移植SEQ：从所有RNA聚合酶得出的转录起始位点的全面确定。,genomics,0
Estimates of genetic load suggest frequent purging of deleterious alleles in small populations,genomics,1
映射单细胞的转录组矢量场,systems biology,0
基因组和实验证据表明，对变体淋巴瘤激酶（ALK）激酶结构域交替进行转录启动不会预测单一剂对ALK抑制剂的敏感性。,bioengineering,1
Blood meal analysis of tsetse flies (Glossina pallidipes: Glossinidae) reveals higher host fidelity on wild compared with domestic hosts,evolutionary biology,1
人腹前颞皮层中深，分布和动态语义代码的证据,neuroscience,1
Perifornical Area Urocortin-3 Neurons Promote Infant-directed Neglect and Aggression,neuroscience,0
墨西哥山洞的眼睛形态发生,developmental biology,1
桅杆播种可促进散射的演变,ecology,0
RNA-Seq的全长同工型定量的比较评估,bioinformatics,1
"Genetic basis of growth, phenology and susceptibility to biotic stressors in maritime pine",genetics,1
一级感觉运动皮层（PMD，M1和S1）的价和动机强度的标准化,neuroscience,0
Reconstructing contact network structure andcross-immunity patterns from multiple infection histories,ecology,1
Dynamic Ins2 gene activity defines β cell maturity states,cell biology,1
Immune-based mutation classification enables neoantigen prioritization and immune feature discovery in cancer immunotherapy,cancer biology,0
不断发展的多效性和突变相关性对性状差异的相对影响,evolutionary biology,0
推断人群之间突变适应性效应的全基因组相关性,evolutionary biology,0
"Analysis of the Human Connectome Data Supports the Notion of a ""Common Model of Cognition"" for Human and Human-Like Intelligence",neuroscience,0
比较CPU和GPU贝叶斯从扩散MRI的纤维取向的估计值,neuroscience,0
Adult dentate gyrus neurogenesis: a functional model,neuroscience,1
根据人类Connectome项目数据库,neuroscience,0
Reactive oxygen species prevent lysosome coalescence during PIKfyve inhibition,cell biology,0
磺胺溶液的晶体结构拓扑异构酶III揭示了一种新型的羧基 - 末端锌指域对于衰减活性必不可少的,microbiology,1
Lignin-based resistance to Cuscuta campestris parasitism in Heinz resistant tomato cultivars,plant biology,0
CT-FOCS：一种推断细胞类型特异性增强器促销图的新方法,bioinformatics,1
Apple ripening is controlled by a NAC transcription factor,plant biology,0
Minor deviations from randomness have huge repercussions on the functional structuring of sequence space,evolutionary biology,0
A neuromechanical model of multiple network rhythmic pattern generators for forward locomotion in C. elegans,neuroscience,1
能源景观分析阐明了跨环境梯度的生态社区的多稳定性,ecology,1
渗透性野生和非野马的肠道微生物组,microbiology,1
Shared genetic underpinnings between genetic generalized epilepsy and background EEG oscillations,genetics,1
经过几天的培训，隐式视觉运动适应仍有限制,neuroscience,1
协会学习中提示的子采样,animal behavior and cognition,0
有氧甲氧营养：甲基化芳基化合物的甲基化芳基杆菌生长,microbiology,0
白冠Manakin Pseudopipra Pipra（Aves：pipridae）的基因组植物地理学从安第斯山脉中照亮了大陆尺度的辐射,evolutionary biology,1
"Matrix-Assisted Laser Desorption-Ionization Time-of-Flight mass spectrometry using a custom-made database, biomarker assignment, or mathematical classifiers does not differentiate Shigella spp. and Escherichia coli",microbiology,1
Better tired than lost: turtle ant trail networks favor coherence over shortest edges,ecology,1
阐明工程机械敏感通道的pH激活的分子基础,biophysics,0
Pompeii蠕虫Alvinella Pompejana及其变异适应性的PGM-1基因座的平衡多态性仅受链接位点的两个QE突变的控制,evolutionary biology,0
多种概率模型从蛋白质序列数据中提取特征，并解析了非常不同蛋白质家族的功能多样性,bioinformatics,1
Assigning metabolic rate measurements to torpor and euthermia in heterothermic endotherms: torpor a new package for R.,physiology,0
Non-cell autonomous OTX2 transcription factor regulates anxiety-related behaviors in the mouse,neuroscience,1
钙 - 可渗透的AMPA受体介导了定时依赖性的LTP，该LTP在Schaffer Carteratral-CA1突触中引起的低重复重合前和突触后活性引起,neuroscience,1
内猫支持成年果蝇附属腺的组织生长和再生,developmental biology,0
从蓝色出来；叶血管束鞘的光胞蛋白介导叶子液压电导的蓝光调节,plant biology,1
果蝇中肠道干细胞增殖和分化的免疫调节。,immunology,1
Molecular Basis of the Activation and Dissociation of Dimeric PYL2 Receptor in Abscisic Acid Signaling,plant biology,0
放牧行为可以调节社区国家的大规模模式,ecology,1
具有多样性小鼠的高分辨率QTL映射鉴定了影响肠道微生物组组成的遗传变异,genetics,1
解决过渡率估计中的嵌入性问题,biophysics,1
"Loss of intermediate filament IFB-1 reduces mobility, density and physiological function of mitochondria in 	C. elegans sensory neurons",cell biology,0
The Human Motor Cortex Contributes to Gravity Compensation to Maintain Posture and During Reaching,neuroscience,1
Humans can navigate complex graph structures acquired during latent learning,animal behavior and cognition,0
在MROS产生过程中，线粒体裂变响应于肺炎链球菌,immunology,0
必不,microbiology,1
宿主和寄生虫多态性数据全基因组研究的跨物种关联统计数据,evolutionary biology,0
Protein yield is tunable by synonymous codon changes of translation initiation sites,bioinformatics,0
在精神分裂症中，表观遗传年龄与年龄和性别特异性作用加速，并且与多基因疾病风险有关,genomics,1
选择选择性序列相对于伏隔核的丘脑输入而占主导地位，为信用分配提供了潜在的基板,neuroscience,1
scAEspy: a tool for autoencoder-based analysis of single-cell RNA sequencing data,bioinformatics,1
The PRMT7-dependent methylation of shank2 modulates invasion-proliferation switching during breast cancer metastasis,cancer biology,1
Distinct neurocomputational mechanisms support informational and normative conformity,neuroscience,0
Cell-scale biophysical determinants of cell competition in epithelia,biophysics,0
将全球和局部连接的变化与阿尔茨海默氏病中的痴呆症和靶向基因表达有关,bioinformatics,0
Endosomal explosion induced by hypertonicity,biophysics,1
CrowdGO: machine learning and semantic similarity guided consensus Gene Ontology annotation,bioinformatics,1
分类基序靶向乌尔米亚瓜病毒的运动蛋白到反式高尔基网络和质量植物,plant biology,1
Transcriptome computational workbench (TCW): analysis of single and comparative transcriptomes,bioinformatics,1
Unfolding and identification of membrane proteins in situ,biophysics,0
Decoding the sound of hand-object interactions in primary somatosensory cortex,neuroscience,0
Genomic insights into the Archaea inhabiting an Australian radioactive legacy site,microbiology,0
用于分歧分析OMICS数据的R软件包,bioinformatics,1
Cholesterol recognition motifs in the transmembrane domain of the tyrosine kinase receptor family: the case for TRKB,neuroscience,0
塔林 - 元素蛋白前复合通过加速力传播和vinculin募集来驱动粘附成熟,cell biology,1
遗传编码的细胞死亡指标（GEDI），以检测早期不可逆的对神经变性的承诺,neuroscience,0
THE COSTS AND BENEFITS OF BASAL INFECTION RESISTANCE VS DIVERSE IMMUNE PRIMING RESPONSES IN AN INSECT,evolutionary biology,0
常见的乳腺癌风险基因座倾向于不同的肿瘤亚型,genetics,0
Analysis of eukaryotic lincRNA sequences reveals signatures of repressed translation in species under strong selection,genomics,1
"Priors, population sizes, and power in genome-wide hypothesis tests",genetics,1
CXCR4允许T细胞急性淋巴细胞白血病从JAK1/2和BCL2抑制通过CNS浸润,cancer biology,0
对点突变的代谢反应揭示了体内酶活性和表型调节的原理,biophysics,0
环境和遗传因素导致新生儿小鼠发声的非典型发展：使用一种新型无监督的机器学习方法对神经发育障碍模型的分析,neuroscience,1
Decoding the molecular landscape of the developing spatial processing system and production of entorhinal stellate cell-like cells by a direct programming approach.,developmental biology,0
Adaptational lags during periods of environmental change,evolutionary biology,1
aquila_stlfr：二倍体基因组组装基于stlfrinked读取的结构变体套件,bioinformatics,1
GABA levels in ventral visual cortex decline with age and are associated with neural distinctiveness,neuroscience,0
Using target capture to address conservation challenges: population-level tracking of a globally-traded herbal medicine,genomics,0
Quantitative Single-Cell Proteomics as a Tool to Characterize Cellular Hierarchies,systems biology,1
Wheat inositol pyrophosphate kinase TaVIH2-3B modulates cell-wall composition for drought tolerance in Arabidopsis,plant biology,0
减数分裂芽的酵母菌组装捆绑的三重螺旋，而不是梯子,cell biology,0
Why are children so distractible? Development of attentional capacities and motor control from childhood to adulthood.,neuroscience,1
海马的Fasciola Cinereum子区域对于获取视觉上下文记忆很重要,neuroscience,1
Motif elucidation in ChIP-seq datasets with a knockout control,bioinformatics,1
人皮层锥体神经元之间的多样性通过其下垂电流和频率偏好揭示,neuroscience,1
使用KDDANET的介导已知药物疾病关联的隐藏基因的全基因组发现,bioinformatics,0
Adaptation and correlated fitness responses over two time scales in Drosophila suzukii populations evolving in different environments,evolutionary biology,0
多尺度系统基因组学分析可以预测与规范性人类认知变化有关的途径，细胞类型和药物靶标,genomics,1
白质与年龄有关的差异：使用基于FIXEL的分析了解基于张量的结果,neuroscience,1
所选野生大米的高光合作用率是由叶解剖学驱动的,plant biology,0
涉及CNOT3，Aurora B和ERK的信号轴可促进ES细胞的肠系死分化，以响应FGF2和BMP4,developmental biology,1
药物相关歧视性刺激的上下文灭绝无法减弱恒河猴的药物选择,neuroscience,0
从观察数据中重建植物 - 基督网络网络,ecology,0
Deciphering Legionella effector delivery by Icm/Dot secretion system reveals a new role for c-diGMP signaling,microbiology,0
"Sawfish, Read in Tooth and Saw: rostral teeth as endogenous chemical records of movement and life-history in a critically endangered species",ecology,0
Hybrid incompatibility is stronger in the presence of transposable elements in the Drosophila virilis clade,evolutionary biology,0
"Conformation-dependent influences of hydrophobic amino acids in two in-register parallel β-sheet amyloids, an α-synuclein amyloid and a local structural model of PrPSc",molecular biology,0
Lineage-specific control of convergent differentiation by a Forkhead repressor,developmental biology,0
Phylogenomic Testing of Root Hypotheses,evolutionary biology,1
nlimed：生物仿真模型中的模型意义发现的自然语言接口,bioinformatics,1
Population-level sensitivity to landscape variables reflects individual-based habitat selection in a woodland bat species,ecology,1
"The genetic landscape of Ethiopia: diversity, intermixing and the association with culture",genetics,1
亲属歧视促进枯草芽孢杆菌中无关菌株之间的水平基因转移,microbiology,0
Protein Design and Variant Prediction Using Autoregressive Generative Models,systems biology,0
简短闪光的整合在人类昼夜节律系统上的强度和持续时间变化,neuroscience,1
Mechanisms of distributed working memory in a large-scale network of macaque neocortex,neuroscience,0
绿色谱系II中的昼夜节律蛋白质调节。时钟基因回路控制拟南芥中的磷酸峰。,systems biology,1
IRG1控制宿主对限制结核分枝杆菌感染的反应,immunology,0
"Stress generation, relaxation and size control in confined tumor growth",biophysics,1
Antidepressant drugs act by directly binding to TRKB neurotrophin receptors,neuroscience,0
Lab-AID（数据的实验室自动询问）：从生物学实验中可视化多层数据的交互式Web应用程序,bioinformatics,1
故事聆听期间的高级认知反映在神经活动模式中的高阶动态相关性中,neuroscience,1
CAPN15敲除小鼠的MRI和CAPN15分布的分析揭示了可能在脑发育和可塑性中的作用,neuroscience,1
拉出细胞周期的串：一种非编码RNA，CCNA，调节caulobacter Crescentus中的主调节器CTRA和GCRA,microbiology,0
Spatial and phylogenetic structure of Alpine stonefly community assemblages across seven habitats using DNA-species,evolutionary biology,1
Single-trial dynamics of competing reach plans in the human motor periphery,neuroscience,1
Deletion of a non-canonical regulatory sequence causes loss of Scn1a expression and epileptic phenotypes in mice,neuroscience,1
复杂环境的表示：海马的角色,neuroscience,1
在视觉工作记忆任务中没有货币奖励的影响,animal behavior and cognition,1
Learning Divisive Normalization in Primary Visual Cortex,neuroscience,0
An Erwinia amylovora inducible promoter for intragenic improvement of apple fire blight resistance,bioengineering,1
Most cancers carry a substantial deleterious load due to Hill-Robertson interference,evolutionary biology,1
More than Two Populations of Microtubules Comprise the Dynamic Mitotic Spindle,cell biology,1
注意力眨眼期间感知意识的两个面孔：逐渐和离散,neuroscience,0
菌株的机械转导可调节新转化的上皮细胞中的侵入性表型,biophysics,0
压力反应的行为和内分泌成分的进化遗传整合,evolutionary biology,1
Discovery of a small molecule having both potent anti-fibrotic and anti-inflammatory capabilities,cell biology,1
B-SOiD: An Open Source Unsupervised Algorithm for Discovery of Spontaneous Behaviors,neuroscience,0
考虑RNA聚合酶异质性的核算揭示了状态切换和两个不同的长期回溯状态通过裂解逃脱,biophysics,1
天然膜中的半胱氨酸交联建立了IRE1的跨膜结构,biochemistry,0
在熟练的前肢运动中至关重要的新皮层输出在投影细胞类别之间分布,neuroscience,0
表征情绪调节的网络结构神经发育,neuroscience,0
In silico stress fibre content affects peak strain in cytoplasm and nucleus but not in membrane for uniaxial substrate stretch,biophysics,0
团圆自由尾蝙蝠（Mormopterus francoismoutoui）,ecology,1
Mesoamerica is a cradle and the Atlantic Forest is a museum of Neotropical butterfly diversity: Insights from the evolution and biogeography of Brassolini (Lepidoptera: Nymphalidae),evolutionary biology,0
"Size matters, so does condition: the use of a body condition index reveals the costs and benefits of structural body size in an insect.",ecology,1
Spatio-temporal control of DNA replication by the pneumococcal cell cycle regulator CcrZ,microbiology,1
A unique mode of nucleic acid immunity performed by a single multifunctional enzyme,microbiology,1
自愿运动命令在受限的感觉运动β节奏阶段优先发布,neuroscience,1
Neuronal population dynamics during motor plan cancellation in non-human primates,neuroscience,0
自然主义视觉刺激期间皮质丘脑反馈的强大影响,neuroscience,1
中国电话肺复苏的影响因素：基于管理观点的定性探索,systems biology,1
Nuclear bundle/cable containing actin during yeast meiosis,cell biology,0
Environmentally sensitive hotspots in the methylome of the early human embryo,genomics,1
通过多路复用克服视觉皮层中的粗制编码：当刺激束时，神经相关性差异很大,neuroscience,1
Hackflex: low cost Illumina Nextera Flex sequencing library construction,genomics,1
Mechanism of Interaction of BMP and Insulin Signaling in C. elegans Development and Homeostasis,cell biology,1
The lipid kinase PI3Kα is required for the cohesion and survival of cancer cells disseminated in serous cavities.,cancer biology,1
HYPK scaffolds the Nedd8 and LC3 proteins to initiate formation of autophagosome around polyneddylated huntingtin exon1 aggregates,cell biology,0
KIAA0319影响纤毛长度，细胞迁移和机械细胞基底相互作用,cell biology,1
V4中的色相调谐曲线随着视觉​​上下文的方式变化,neuroscience,1
保守的表达签名预测生长速率并揭示细胞和谱系特异性差异,systems biology,0
遗传和表观遗传学特征。水2000种的快速辐射,plant biology,0
凝胶素和dcryab在肌肉身份基因的下游作用，并有助于防止果蝇中的肌肉分裂和分支,developmental biology,0
Pan-genome analysis identifies intersecting roles for Pseudomonas specialized metabolites in potato pathogen inhibition,microbiology,1
SPF45/RBM17依赖性，但不依赖于U2AF，在人类短篇内含子的独特子集中剪接,molecular biology,1
X人胎盘中的X染色体灭活是斑驳的，与成人组织不同,genomics,0
人葡萄糖转运蛋白促进的葡萄糖扩散路径的定量表征1,biophysics,1
海马和前额叶等级的预测性表示,neuroscience,0
Oxidation shuts down an auto-inhibitory mechanism of von Willebrand factor,biophysics,1
Evolution and development of male-specific leg brushes in Drosophilidae,evolutionary biology,1
Motor training improves coordination and anxiety in symptomatic Mecp2-null mice despite impaired functional connectivity within the motor circuit,neuroscience,1
Connectome Constrained Graphical Models of MEG Coherence,neuroscience,0
人类生长激素受体的古代多态性缺失的性别表型效应和进化史,evolutionary biology,0
幼儿营养不良对成人脑功能的影响：ERP研究,neuroscience,0
Cortico-striatal activity driving compulsive reward seeking,neuroscience,0
肺acini在产后大鼠肺发育过程中表现出复杂的变化,physiology,1
Visualization and Analysis of Whole Depot Adipose Tissue Neural Innervation,neuroscience,1
Spatially-explicit modeling improves empirical characterization of dispersal,ecology,1
longfin causes cis-ectopic expression of the kcnh2a ether-a-go-go K+ channel to autonomously prolong fin outgrowth,developmental biology,1
Ancestral mitochondrial apparatus derived from the bacterial type II secretion system,evolutionary biology,1
慢性抑制棕色脂肪组织后，冷暴露会促进体重增加和肥胖,physiology,1
A parametrized computational framework for description and design of genetic circuits of morphogenesis based on contact-dependent signaling and changes in cell-cell adhesion,synthetic biology,1
非编码RNA内源性地统治癌性调节领域，而蛋白质则控制正常,genomics,1
人类巨细胞病毒感染的功能性单细胞基因组学,systems biology,0
Polygenic adaptation after a sudden change in environment,evolutionary biology,0
最小DNA电子转移催化剂由Chaotropic离子切换,synthetic biology,0
范围扩展转移不断发展的种群中的克隆干扰模式,evolutionary biology,1
Lytic infection with murine gammaherpesvirus 68 activates host and viral RNA polymerase III-dependent promoters to enhance non-coding RNA expression,microbiology,1
Representation of Task Structure in Human Hippocampus and Orbitofrontal Cortex,neuroscience,0
Replacement of microglia by brain-engrafted macrophages provide protection against concussive injury,neuroscience,1
"Context-invariant neural dynamics underlying the encoding of Bayesian uncertainty, but not confidence",neuroscience,1
Platinum chemotherapy induces lymphangiogenesis in cancerous and healthy tissues that can be prevented with adjuvant anti-VEGFR3 therapy,cancer biology,0
在没有性的情况下，赋予性别的好处,evolutionary biology,0
冷适应蝇种群中的平行和人群特异性基因调节演化,evolutionary biology,1
Reduction of insulin/IGF-1 receptor rejuvenates immunity via positive feedback circuit,genetics,1
Structural and Dynamic Insights Into α-Synuclein Dimer Conformations,biophysics,1
人类细胞的接近依赖性生物素化图：交互式网络资源,molecular biology,1
CDR3 binding chemistry controls TCR V-domain rotational probability and germline CDR2 'scanning' of polymorphic MHC,immunology,1
Estrogen Drives Melanocortin Neurons To Increase Spontaneous Activity and Reduce Sedentary Behavior,neuroscience,1
An experimentally-derived measure of inter-replicate variation in reference samples: the same-same permutation methodology,biochemistry,1
糖主导着海草根际,microbiology,1
Multiphoton imaging of neural structure and activity in Drosophila through the intact cuticle,neuroscience,0
在体外神经元 - 胃细胞种群的多层网络模型揭示了MGLUR5抑制作用是在创伤性损伤后保护性的,neuroscience,0
光学材料特性的视觉歧视：一项大规模研究,neuroscience,0
High and stable ATP levels prevent aberrant intracellular protein aggregation,cell biology,1
高分辨率，早期小鼠和人肝芽形态发生的动态成像在三个方面,developmental biology,1
Eliminating accidental deviations to minimize generalization error and maximize replicability: applications in connectomics and genomics,neuroscience,1
复杂任务信息的顺序有效的神经填充编码,neuroscience,0
脑电图电极数量和放置对言语神经跟踪测量的影响,neuroscience,0
依赖细胞周期的活动应力驱动上皮重塑,biophysics,0
Telemetry reveals rapid duel-driven song plasticity in a naturalistic social environment,animal behavior and cognition,0
复制时间和表观遗传修饰的突变特征通过突变光谱的全球差异持续存在,genomics,1
Reconstructing the history of variation in effective population size along phylogenies.,evolutionary biology,0
Dynamic interactions and intracellular fate of label-free GO within mammalian cells: role of lateral sheet size,cell biology,0
Efficient and robust coding in heterogeneous recurrent networks,neuroscience,1
等距膝关节伸展期间招募的肌肉的本体感受反馈的神经回路模型,neuroscience,0
海洋硅硅硅硅质组中的接近蛋白质组学揭示了推定的细胞表面至绿色的铁路运输途径,cell biology,1
Parallel Factor Analysis for multidimensional decomposition of fNIRS data,neuroscience,1
淋巴卵泡形成和人类疫苗接种反应在A-A-Chip中概括,immunology,0
The Role of State Uncertainty in the Dynamics of Dopamine,neuroscience,1
DeepImageJ：一个用户友好的环境，可以在ImageJ中运行深度学习模型,bioengineering,1
"Reference transcriptome data in silkworm, Bombyx mori",genomics,1
细胞外囊泡周围的功能性电晕增强了皮肤再生过程中的血管生成和免疫细胞中的信号,cell biology,0
Integrating multi-omics data through deep learning for accurate cancer prognosis prediction,bioinformatics,1
通过时间和空间药物异质性了解HIV多药的抗性模式,evolutionary biology,0
Evolutionary impact of size-selective harvesting on shoaling behavior: Individual-level mechanisms and possible consequences for natural and fishing mortality,ecology,0
Fine human genetic map based on UK10K data set,evolutionary biology,0
Gene Ontology Meta Annotator for Plants (GOMAP),bioinformatics,1
AMR-用于使用抗菌耐药性数据的R包装,microbiology,0
费舍尔定理中的警告表明健身可以改变而无需突变,evolutionary biology,0
Effective mechanical potential of cell-cell interaction explains basic structural units of three-dimensional morphogenesis,biophysics,1
在听觉皮层中响应的基础网络动力学,neuroscience,0
低维学习的特征空间量化了人声曲目中的个体和群体差异,animal behavior and cognition,0
在自由移动猕猴觅食期间的战略变量的人口编码,neuroscience,0
使用单细胞转录组数据的特定标记组合，完全自动化和超快速的细胞类型识别,systems biology,0
Hybridization disrupts growth-defense strategies and reveals trade-offs masked in unadmixed populations of a perennial plant,evolutionary biology,0
Information Enhanced Model Selection for Gaussian Graphical Model with Application to Metabolomic Data,bioinformatics,0
整个基因组测序和SNP面板的应用揭示了狮子的主要进化谱系和基因组多样性（Panthera Leo）,evolutionary biology,1
从脉冲中学习心脏动作：ECG波形从PPG中重建,bioinformatics,0
人脑室肿瘤结节性异位症的间隔,pathology,0
A CTP-dependent gating mechanism enables ParB spreading on DNA in Caulobacter crescentus,microbiology,1
"A Francisella tularensis L,D-carboxypeptidase plays important roles in cell morphology, envelope integrity, and virulence.",microbiology,0
学习学习持续修改内嗅 - 海马兴奋性抑制性子电路,neuroscience,1
男性生殖器叶形态会影响果蝇pachea中的交配的机会,evolutionary biology,0
基于记忆的情绪障碍理论,neuroscience,0
在各种人肠道细菌中发现的保守酶会干扰抗癌药物功效,microbiology,0
Targeted gene correction and functional recovery in achondroplasia patient-derived iPSCs,developmental biology,0
过多的Wox5相互作用和亚核定位控制拟南芥根干细胞维持,plant biology,0
带有Riboplate-seq的高通量翻译分析,systems biology,0
通过深度学习将基因表达纳入染色质访问性的全基因组预测,bioinformatics,0
Identification of neural oscillations and epileptiform changes in human brain organoids,neuroscience,0
Coordination through inhibition: control of stabilizing and updating circuits in spatial orientation working memory,neuroscience,0
The NTD of Eukaryotic Initiation Factor 4B Drives Yeast Translational Control in Response to Urea,molecular biology,0
十个易位1介导的DNA羟甲基是小鼠脑中需要的髓鞘形成和髓鞘形成的,neuroscience,0
腺嘌呤甲基化和遗传突变在适应不同温度的serratia marcescens中的作用,evolutionary biology,1
宽带信号而不是频率特定的节奏是灵长类动物听觉皮层中预测错误的基础,neuroscience,1
Cerebellar lesions disrupt spatial and temporal visual attention.,neuroscience,0
宿主 - 微生物组蛋白 - 蛋白质相互作用捕获人类疾病的机制,microbiology,1
物种丰富度增加了健身差异，但不会影响利基差异,ecology,1
Non-selective response inhibition in Go/NoGo task: Bayesian analysis of fMRI data,neuroscience,0
Activation of G-protein coupled estradiol receptor 1 in the dorsolateral striatum attenuates preference for cocaine and saccharin in male but not female rats,neuroscience,1
NHR-8 regulated P-glycoproteins uncouple xenobiotic stress resistance from longevity in chemosensory C. elegans mutants,genetics,1
Distinct roles for dopamine clearance mechanisms in regulating behavioral flexibility,neuroscience,0
使用茶袋指数来确定两种人类药物如何影响水生微生物分解垃圾。,microbiology,0
CloneSig: Joint inference of intra-tumor heterogeneity and mutational signatures' activity in tumor bulk sequencing data,bioinformatics,1
A rationally designed oral vaccine induces Immunoglobulin A in the murine gut that directs the evolution of attenuated Salmonella variants,immunology,1
通过微管和RAB11依赖的顶端转运调节顶端狭窄,developmental biology,0
Ebselen attenuates mycobacterial virulence through inhibition of ESX-1 secretion,microbiology,0
Low-disturbance Farming Regenerates Healthy Deep Soil towards Sustainable Agriculture,ecology,0
Population structure of chum salmon and selection on the markers collected for stock identification,evolutionary biology,0
Stability of neocortical synapses across sleep and wake,neuroscience,1
前额叶深度投影神经元通过持续反馈监视实现认知灵活性,neuroscience,0
Dietary fat promotes antibiotic-induced Clostridioides difficile mortality in mice,microbiology,0
阅读电路中的自动化,neuroscience,1
使用“ Yin-Yang编解码器”系统进行实用且强大的基于DNA的数据归档,synthetic biology,0
Mutations in Auxilin cause parkinsonism via impaired clathrin-mediated trafficking at the Golgi apparatus and synapse,neuroscience,0
基因组背景控制对假单胞菌中大质质剂时对纳利迪酸的反应,microbiology,1
Attenuated directed exploration during reinforcement learning in gambling disorder,neuroscience,1
LiGIoNs: A Computational Method for the Detection and Classification of Ligand-Gated Ion Channels,bioinformatics,1
直接随机重建显微镜（DSTORM）中的眨眼统计和分子计数,biophysics,1
硅疫苗设计中的线性B细胞表位预测：通过命令行界面可用的方法审查,bioinformatics,0
矩阵反转和子集选择（错过）：一种新型的管道，用于跨鼠大脑的各种细胞类型的定量映射,neuroscience,0
Estradiol-induced progesterone synthesis develops post-puberty in the rostral hypothalamus and coincides with post-pubertal changes in the steroidogenic pathway in female mouse hypothalamic astrocytes,neuroscience,1
Unravelling the genetic architecture of musical rhythm: a large-scale genome-wide association study of beat synchronization,genetics,0
揭示外周血及其衍生细胞中细胞类型特定转录程序的整合性新生RNA方法,molecular biology,0
Temperature predicts the maximum tree-species richness and water and frost shape the residual variation,ecology,0
Trading Mental Effort for Confidence in the Metacognitive Control of Value-Based Decision-Making,neuroscience,0
A multi-measure approach for assessing the performance of fMRI preprocessing strategies in resting-state functional connectivity,neuroscience,0
Personalized single-cell networks: a framework to predict the response of any gene to any drug for any patient,systems biology,0
药物：一种物种和组织特异性的药物签名数据库和用于药物重新利用的在线工具,systems biology,0
A small-molecule antagonist for the Tudor domain of SMN disrupts the interaction between SMN and RNAP II,biochemistry,0
用新兴特性推断询问神经计算的理论模型,neuroscience,1
Metabolic signatures of regulation by phosphorylation and acetylation,systems biology,1
ERBB2是听力恢复的关键调解人，聋哑成年小鼠,neuroscience,1
在联合环境中，神经影像数据集的隐私质量控制,neuroscience,1
Long-term warming effects on the microbiome and nitrogen fixation of a common moss species in sub-Arctic tundra,microbiology,0
如何表征共享空间使用网络,ecology,0
需要保护的最小土地面积，以保护生物多样性,ecology,1
星形胶质细胞样特异性基因死亡star对于雄性果蝇的正常发育，成人运动和寿命至关重要,genetics,1
着迷：一个动态适应于2D和3D钙成像数据的用户友好分析平台。,neuroscience,1
靶向癌症中细胞DNA损伤反应：基于体外校准的剂模型，模拟单层和球体治疗反应对ATR抑制药物,cancer biology,0
表征复杂区域疼痛综合征中的感觉运动适应,neuroscience,0
The genome of the zoonotic malaria parasite Plasmodium simium reveals adaptations to host-switching,genomics,0
Circulating miR-181 is a prognostic biomarker for amyotrophic lateral sclerosis,neuroscience,0
"Divergent sex-specific effects of an IgE receptor polymorphism: from immunity to health, and ultimately, fitness",ecology,1
Cellular Fitness Phenotypes of Cancer Target Genes from On-cobiology to Cancer Therapeutics,cancer biology,1
A comprehensive survey of developmental programs reveals a dearth of tree-like lineage graphs and ubiquitous regeneration,developmental biology,0
Advances in Spiral fMRI: A High-resolution Study with Single-shot Acquisition,neuroscience,1
肌细菌与企业噬菌体之间共同血统的证据,genomics,1
Inhibition of both mutant and wild-type RAS-GTP in KRAS G12C colorectal cancer through cotreatment with G12C and EGFR inhibitors,cancer biology,0
Automated identification of maximal differential cell populations in flow cytometry data,bioinformatics,0
除分类学识别外：对土壤细菌16S rRNA基因数据库的生态反应的整合。,microbiology,0
Effective downregulation of BCR-ABL tumorigenicity by RNA targeted CRISPR-Cas13a,molecular biology,0
射击引力中的自适应差异在澳大利亚野花中产生混合无菌性,evolutionary biology,0
Frequency selectivity of persistent cortical oscillatory responses to auditory rhythmic stimulation,neuroscience,0
重组和反对渗透的DNA的选择,evolutionary biology,0
疼痛感知的预测编码模型,neuroscience,0
Differential robustness to specific potassium channel deletions in midbrain dopaminergic neurons,neuroscience,1
Strand asymmetry influences mismatch resolution during single-strand annealing,genomics,0
菱形蛋白酶rhbdl4促进聚集蛋白的逆转转换以降解,cell biology,1
RAF构象自身抑制和14-3-3蛋白会促进自相矛盾的激活,cancer biology,0
电型果蝇蘑菇体输出神经元（Mbon）中气味诱导的肯尼因细胞活性的整合,neuroscience,1
多巴胺受体拮抗和苯丙胺诱导的心理运动敏化对扩展训练后的标志和目标跟踪的影响,neuroscience,0
Barley RIC157 is involved in RACB-mediated susceptibility to powdery mildew,plant biology,0
Using single visits into integrated occupancy models to make the most of existing monitoring programs,ecology,1
GraphProt2: A graph neural network-based method for predicting binding sites of RNA-binding proteins,bioinformatics,1
温度引起的预言决定了细菌毒力的演变,evolutionary biology,1
细菌群体传感允许对种群密度变化的分级和双峰细胞反应,microbiology,0
Family History of Depression is Associated with Alterations in Task-Dependent Connectivity between the Cerebellum and Ventromedial Prefrontal Cortex,neuroscience,0
Predator complementarity dampens variability of phytoplankton biomass in a diversity-stability trophic cascade,ecology,1
Statistical power: implications for planning MEG studies,neuroscience,1
Low membrane fluidity triggers lipid phase separation and protein segregation in vivo,microbiology,1
细胞扩散期间的能量消耗调节干细胞对基质刚度的响应,cell biology,1
复杂动机状态中人类亲社会选择的神经计算,neuroscience,0
在结果监测的神经签名中选择和执行错误的独特处理,neuroscience,1
Face familiarity detection with complex synapses,neuroscience,0
The metastable brain associated with autistic-like traits of typically developing individuals,neuroscience,0
电极合并：如何提高神经元记录的可切换硅探针的产量,neuroscience,0
狭窄的迁移与稳定的3D基因组结构在癌细胞中的差异有关,systems biology,1
使用“研究表带集合”的人类实时神经化学感测的多研究学习,neuroscience,0
线性增强学习：在计划，网格场和认知控制中的计算灵活重复使用,neuroscience,0
Network potential identifies therapeutic miRNA cocktails in Ewings Sarcoma,systems biology,1
多巴胺和压力信号交互模式社会组织中的社会组织,animal behavior and cognition,0
Mapping Human Pluripotent Stem Cell Derived Erythroid Differentiation by Single-Cell Transcriptome Analysis,developmental biology,1
Bacterial lipopolysaccharide induces settlement and metamorphosis in a marine larva,ecology,0
Cascading Epigenomic Analysis for Identifying Disease Genes from the Regulatory Landscape of GWAS Variants,bioinformatics,0
"Genetic Association Study of Childhood Aggression across raters, instruments and age",genomics,1
构成性增强基因组完整性维持和直接压力缓解表征了极端压力适应的拟南芥的转录组,plant biology,0
BitEpi: A Fast and Accurate Exhaustive Higher-Order Epistasis Search,bioinformatics,0
用于单分子定位显微镜的跨近期邻居/蒙特卡洛算法定义了p53，MDM2和MEG3之间的相互作用,cell biology,0
果蝇合胞体中FEO保障均匀核分布的星体微管交联,cell biology,0
Advancing motion denoising of multiband resting state functional connectivity fMRI data,neuroscience,1
17q21.31 sub-haplotypes underlying H1-associated risk for Parkinsons disease are associated with LRRC37A/2 expression in astrocytes,neuroscience,0
通过考虑获奖者的诅咒和特定研究的异质性，对全基因组关联研究的复制率进行准确建模,bioinformatics,1
"Comparative population genetic structure of two ixodid tick species (Ixodes ovatus and Haemaphysalis flava) in Niigata Prefecture, Japan",genetics,0
The CDK8 inhibitor DCA promotes a tolerogenic chemical immunophenotype in CD4+ T cells via a novel CDK8-GATA3-FOXP3 pathway,immunology,1
Neural Fragility as an EEG Marker of the Seizure Onset Zone,neuroscience,1
Corollary Discharge Promotes a Sustained Motor State in a Neural Circuit for Navigation,neuroscience,1
环境压力源的治疗噬菌体OMKO1的衰减和损害,microbiology,0
依赖于峰值的可塑性奖励同步而不是因果关系,neuroscience,0
盘状结构域受体2通过AXL依赖的表型切换驱动黑色素瘤耐药性,cancer biology,0
单细胞ATAC数据的染色质吸收性估计带有scopen,bioinformatics,1
碱基对分辨率分析超螺旋对DNA柔韧性的影响和通过三核苷酸的主要凹槽识别,biophysics,1
Grapevine rootstocks affect growth-related scion phenotypes,plant biology,1
多巴胺差异调节了完整和多巴胺的纹状体中投影神经元合奏的大小,neuroscience,0
植物尺寸，叶子经济学及其多样性是苔原碳循环的强大控制,ecology,1
拮抗植物优先靶向高度连接到相互植物的羊膜菌根真菌,ecology,1
小麦感染的早期阶段，扎孔塞普利亚对最佳水分条件的差异耐受性,microbiology,0
Characterization and rescue by oxytocin of an atypical thermo-sensory reactivity in neonatal mice lacking the autism-associated gene Magel2.,neuroscience,0
A novel cis regulatory element regulates human XIST in CTCF-dependent manner,genomics,1
Analytical solution of linearized equations of the Morris-Lecar neuron model at large constant stimulation,neuroscience,1
Clumpy coexistence in phytoplankton: The role of functional similarity in community assembly,ecology,1
SpecHap：基于光谱图理论的二倍体相位算法,bioinformatics,0
比较亲近生物素化含义Rab18在胆固醇动员和生物合成中,cell biology,1
The Euler Characteristic and Topological Phase Transitions in Complex Systems,biophysics,0
预测跨膜蛋白 - 蛋白质复合物：Transint，一种新型的计算方法,bioinformatics,0
Disentangling spatial and environmental effects: flexible methods for community ecology and macroecology,ecology,0
Framework to simulate gene regulatory networks with stochastic molecular kinetics and to infer steady-state network structure,systems biology,1
Reward value revealed by auction in rhesus monkeys,animal behavior and cognition,1
"Chr21 protein-protein interactions: enrichment in products involved in intellectual disabilities, autism and Late Onset Alzheimer Disease",neuroscience,1
多路复用基因调控的模块化RNA干扰系统,synthetic biology,0
Helping those who help others for indirect fitness benefits not indirect reciprocity,evolutionary biology,1
在人源化小鼠中对人类基因调节功能进行建模,genomics,0
肠道细菌中的电子转移蛋白产生宿主循环的代谢产物,microbiology,1
Integration of immunome with disease-gene network reveals common cellular mechanisms between IMIDs and drug repurposing strategies,bioinformatics,0
山洞鱼通过开发更多的红细胞和低氧诱导基因的过表达来应对环境缺氧,developmental biology,0
在小鼠OIR模型中结合焦点，荧光素血管造影和SD-OCT，用于视网膜神经血管分析。,neuroscience,0
Unconventional kinetochore kinases KKT2 and KKT3 have unique centromere localization domains,cell biology,0
Deriving Ranges of Optimal Estimated Transcript Expression Due to Non-identifiability,bioinformatics,1
SEC is an anti-angiogenic virulence factor that promotes Staphylococcus aureus Infective Endocarditis Independent of Superantigen Activity,microbiology,1
HIV corruption of the Arp2/3-Cdc42-IQGAP1 axis to hijack cortical F-Actin to promote cell-cell viral spread.,microbiology,0
Cortical control of virtual self-motion using task-specific subspaces,neuroscience,1
Spergulin-A通过调节宿主P2X7R-P38MAPK轴来攻击巨噬细胞内利什曼果活性,molecular biology,0
n黑客还可以吗？基于模拟的研究,scientific communication and education,1
Characteristics of mathematical modeling languages that facilitate model reuse in systems biology: A software engineering perspective,systems biology,1
Amyloid-like aggregates cause lysosomal defects in neurons via gain-of-function toxicity,cell biology,1
在分析大数据集时，将p值用作尺寸依赖性函数来解决实际差异,bioinformatics,0
Foster thy young: Enhanced prediction of orphan genes in assembled genomes,bioinformatics,1
Offline tDCS modulates prefrontal cortical-subcortical cerebellar fear pathways in delayed fear extinction,neuroscience,1
Integrative analysis of the plasma proteome and polygenic risk of cardiometabolic diseases,genetics,0
基因座层的作用在调制饲料中,neuroscience,0
Theta activity paradoxically boosts gamma and ripple frequency sensitivity in prefrontal interneurons,neuroscience,1
半自然细菌缩影中社区组成，生产率和耐药性之间的关系,ecology,1
通过适应和偏差检测介导的不匹配响应具有互补的功能曲线，指向不同的听觉短期记忆系统,neuroscience,1
A neurocomputational model for intrinsic reward,neuroscience,1
使用球形核酸从人骨髓中富集骨骼干细胞,cell biology,1
α-Phenylalanyl tRNA synthetase attenuates Notch signaling by competing with Notch through its N-terminal domain,cell biology,0
跟踪冲突任务中决策和绩效监控过程的动态调整,neuroscience,0
海马和杏仁核恐惧记忆engrams在上下文恐惧复发后重新出现,neuroscience,0
极端卤素古细菌的进化起源,microbiology,1
Interpretable machine learning models for single-cell ChIP-seq imputation,bioinformatics,0
兴奋性神经元中的DNMT3A敲除损害出生后突触的成熟，部分通过抑制性组蛋白修饰H3K27ME3进行了补偿,neuroscience,1
TENET: Gene network reconstruction using transfer entropy reveals key regulatory factors from single cell transcriptomic data,bioinformatics,1
Single cell transcriptomic analysis identifies Langerhans cells immunocompetency is critical for ability to induce tolerogenic T cells.,systems biology,1
A dynamic normalization model of temporal attention,neuroscience,0
信息素位置的多模式学习,neuroscience,1
发现KPC-3和KPC-15的双重抑制剂Klebsiella肺炎：一种内部分子对接和动力学研究,bioinformatics,0
SSnet: A Deep Learning Approach for Protein-Ligand Interaction Prediction,bioinformatics,1
天然内生细菌对木瓜（Carica Papaya）的生长和细菌冠状耐受性的影响,plant biology,0
"Adenosine receptor and its downstream targets, mod(mdg4) and Hsp70, work as a signaling pathway modulating cytotoxic damage in Drosophila",genetics,0
Oberon3和Max2 1类蛋白的抑制剂形成一个调节模块，指定韧皮部身份,plant biology,1
Model balancing: in search of consistent metabolic states and in-vivo kinetic constants,systems biology,0
两种不同的细菌生物膜成分触发殖民氢化菌中的hydractinia echinata触发变态,ecology,0
Donut-like organization of inhibition underlies categorical neural responses in the midbrain,neuroscience,1
单细胞转录组分析揭示了RGS1是多种癌症中T细胞耗尽的新标记和促进因子,cancer biology,1
The making of calibration sausage exemplified by recalibrating the transcriptomic timetree of jawed vertebrates,evolutionary biology,1
Optimal evolutionary control for artificial selection on molecular phenotypes,evolutionary biology,1
Evidence for novel transient cell clusters in the neonatal mouse retina,neuroscience,1
在食草果蝇中调整为芥末油的嗅觉受体的演变,evolutionary biology,0
细胞器特异性蛋白质分析，在活细胞中带有光介导的近端标记,biochemistry,0
NanoCaller for accurate detection of SNPs and indels in difficult-to-map regions from long-read sequencing by haplotype-aware deep neural networks,bioinformatics,0
通过对迷走神经的参数刺激对学生关联神经调节的分级募集,neuroscience,1
跟踪利基随着时间的变化：同时推断生态利基进化和当代生态位的估计,evolutionary biology,1
果蝇的预测嗅觉学习,neuroscience,0
TIM-3的共刺激活动需要AKT和MAPK信号传导和免疫突触募集,immunology,0
A standardized gnotobiotic mouse model harboring a minimal 15-member mouse gut microbiota recapitulates SOPF/SPF phenotypes,microbiology,1
Engineering indel and substitution variants of diverse and ancient enzymes using Graphical Representation of Ancestral Sequence Predictions (GRASP),bioinformatics,0
在神经祖细胞种群中设计信号环境以引导转录多样性,systems biology,1
高频低强度脉冲电场对通过ERK途径保护SH-SY5Y细胞免受过氧化氢和β-淀粉样蛋白诱导的细胞损伤的影响,neuroscience,1
皮质锥体神经元之间突触的二元和类似物变化,neuroscience,1
Material category of visual objects computed from specular image structure,neuroscience,0
An antigenic diversification threshold for falciparum malaria transmission at high endemicity,evolutionary biology,1
内源性鼠BIP/GRP78/HSPA5基因座的表位标记可以直接分析BIP Itesconterome和蛋白质在体内的折叠率错折。,molecular biology,1
植物反式高尔基网络/早期内体pH调节需要阳离子氯离子共转运蛋白（CCC1）,plant biology,1
分组或不小组：印度孔雀种群中的小组大小动态和肠道寄​​生虫,ecology,1
结合性别特定生活历史特征的后果,evolutionary biology,1
Biophysical basis of cellular multi-specificity encoded in a model molecular switch,systems biology,1
梭状芽胞杆菌艰难梭菌毒力的体内共生控制机制,microbiology,0
用Evogenex建模基因表达进化，发现物种，器官和性别的进化差异,evolutionary biology,1
不同形式的可变性可以解释人类和大鼠决策之间的差异,neuroscience,1
Mechanical control of morphogenetic robustness in an inherently challenging environment,developmental biology,0
Scanning electron microscopy preparation of the cellular actin cortex: a quantitative comparison between critical point drying and hexamethyldisilazane drying,biophysics,1
Protein sequence design with a learned potential,bioinformatics,1
NSL复合物对线粒体的调节是帕金森氏病的遗传风险，在CHR16Q11.2和MAPT H1等位基因上,neuroscience,1
啮齿动物中的腰椎皮质脊髓道调节感觉输入，但不传达电动机命令,neuroscience,0
可以预测潜意识的感知。,neuroscience,0
"Predictive feedback, early sensory representations and fast responses to predicted stimuli depend on NMDA receptors",neuroscience,1
计算机断层扫描揭示了髋关节增生症灭绝的更新世剑齿猫smilodon,paleontology,1
转录调节剂SP140在对细菌感染的抗性中通过抑制I型干扰素的作用,immunology,0
Error correction enables use of Oxford Nanopore technology for reference-free transcriptome analysis,bioinformatics,1
Bayesian cell-type deconvolution and gene expression inference reveals tumor-microenvironment interactions,genomics,1
RNA-binding protein Syncrip regulates Starvation-Induced Hyperactivity in adult Drosophila,genomics,1
4DNvestigator: Time Series Genomic Data Analysis Toolbox,bioinformatics,1
无声的迪斯科：持续夹带低频神经振荡是基于节拍的基于模式的时间期望的基础,neuroscience,0
The formation of microbial exoskeletons is driven by a controlled calcium-concentrating subcellular niche,microbiology,0
Geographical and environmental contributions to genomic divergence in mangrove forests,evolutionary biology,0
机动昆虫飞行空气动力学的半经验模型,biophysics,1
Trial-by-trial predictions of subjective time from human brain activity,neuroscience,0
Fundamental resource specialization of herbivorous butterflies decreases toward lower latitudes,ecology,0
Succination of Dihydrolipoyllysine Succinyltransferase by Fumarate Exacerbates Defective Mitochondrial ATP Production during Complex I Deficiency,biochemistry,0
Propranolol promotes bone formation and limits resorption through novel mechanisms during anabolic parathyroid hormone treatment in female C57BL/6J mice,physiology,1
伴侣特征的变化驱动跨栖息地的植物 - 纳克强盗互动的变化,ecology,1
DLG2 knockout reveals neurogenic transcriptional programs underlying neuropsychiatric disorders and cognition,developmental biology,0
在体外设计和演示小鼠特异性经颅磁刺激线圈,neuroscience,0
可以从猴子浅层层中爆发神经元的种群预测选择,neuroscience,1
Radius-Optimized Efficient Template Matching for Lesion Detection from Brain Images,neuroscience,0
有丝分裂原激活的蛋白激酶活性驱动结直肠癌的细胞轨迹,cancer biology,0
Highly Multiplexed Single-Cell Full-Length cDNA Sequencing of human immune cells with 10X Genomics and R2C2,genomics,0
Music-selective neural populations arise without musical training,neuroscience,0
突触和固有抑制电流对语音分割的差异贡献通过神经振荡器中的柔性相锁定,neuroscience,0
独立于钙的星形胶质细胞脂质释放调节神经元兴奋性,neuroscience,0
人口级统计量，用于评估来自高度重复基因组的基因分型数据的孟德尔行为,bioinformatics,0
Engram reactivation during memory retrieval predicts long-term memory performance in aged mice,neuroscience,1
Structural analysis of Sulfolobus solfataricus TF55β chaperonin in open and filamentous states,biophysics,0
在真实音乐中修饰的旋律提高了额快的连通性,neuroscience,1
Species coexistence in resource-limited patterned ecosystems is facilitated by the interplay of spatial self-organisation and intraspecific competition,ecology,1
Evolutionary and ecological processes influencing chemical defense variation in an aposematic and mimetic Heliconius butterfly,evolutionary biology,0
Phosphatidylinositol Acyl Chains Configure Priming and Activation of the NLRP3 Inflammasome,immunology,1
Cell competition acts as a purifying selection to eliminate cells with mitochondrial defects during early mouse development,developmental biology,0
概念知识会影响视觉心理图像和对象感知的早期阶段,neuroscience,1
Efficient Coding in the Economics of Human Brain Connectomics,neuroscience,0
基于连通性的心理测定预测框架脑行为关系研究,neuroscience,0
Modular and distinct PlexinA4/Farp2/Rac1 signaling controls dendrite morphogenesis,neuroscience,0
在手动跟踪任务中，从头学习与连续控制的适应,neuroscience,1
肿瘤抑制基因中的阳性选择和基因重复揭示了线索，恰如其分的鲸类动物抵抗癌症,evolutionary biology,1
Regeneration in adult Drosophila brain,neuroscience,1
海马形成是一种层次生成模型，支持生成重播和持续学习,neuroscience,0
飞行需求和环境利基市场与大型鸟类辐射中的分子进化率有关,evolutionary biology,1
遗传种群结构限制了稳态的局部适应,evolutionary biology,0
金黄色葡萄球菌感染通过理论驱动的疗法治愈,systems biology,1
阿尔茨海默氏病和使用全脑网络动力学建模的虚拟连接数据集和衰老,neuroscience,0
在冲动性的血清素能调节中奖励估值的作用,neuroscience,0
DNA damage and macrophage infiltration in the ovaries of the long-lived GH deficient Ames Dwarf and the short-lived bGH transgenic mice,physiology,0
"A simple, cheap, and robust protocol for the identification of mating type in Saccharomyces cerevisiae",microbiology,0
Genome-wide discovery of lupus genetic risk variant allelic regulatory activity,genomics,1
A morphological trait involved in reproductive isolation between Drosophila sister species is sensitive to temperature,evolutionary biology,0
Ribosome heterogeneity in Drosophila melanogaster gonads through paralog-switching,biochemistry,1
A signal of competitive dominance in mid-latitude herbaceous plant communities,ecology,0
用化学多样的底物的广泛细菌分泌系统的描述,microbiology,1
Desmosomes polarize mechanical signaling to govern epidermal tissue form and function,cell biology,0
Use of high-refractive index hydrogels and tissue clearing for large biological sample imaging,pathology,0
缺席回归的证据：估计风力设施死亡的二项式N混合模型,ecology,1
Development of early postnatal inhibitory function in the mouse medial prefrontal and primary somatosensory cortex,neuroscience,0
不仅强迫性：SAPAP3-KO小鼠重新考虑为表达一系列病理性重复行为的合并症模型。,neuroscience,0
Disentangling the roles of neocortical alpha/beta and hippocampal theta/gamma oscillations in human episodic memory formation,neuroscience,1
短氢键增强了非芳族蛋白质相关荧光,biophysics,1
长时间的蛋白质症疾病通过颞下部功能障碍诱导细胞衰老，并在人成纤维细胞中增强的线粒体生物发生,cell biology,0
Establishment of a Human RNA Pol II Pausing System and the Identification of O-GlcNAc Cycling Regulating Pol II Pausing and Elongation,biochemistry,0
Entropy of city street networks linked to future spatial navigation ability,neuroscience,1
单分子成像揭示了DNA上CFO和CJUN的集体和独立搜索机制,biochemistry,0
气候变化将推动新颖的跨物种病毒传播,ecology,0
自适应差异在两个密切相关的塞内西奥物种中产生独特的塑性反应,evolutionary biology,0
TMEM184B对于IL-31诱导的瘙痒是必需的,neuroscience,1
Schizophrenia Risk Alleles Often Affect The Expression of Many Genes and Each Gene May Have a Different Effect On The Risk; A Mediation Analysis.,genetics,1
Are skyline plot-based demographic estimates overly dependent on smoothing prior assumptions?,genetics,0
Epithelial-to-mesenchymal transition proceeds through directional destabilization of multidimensional attractor,biophysics,0
西方与地中海饮食对灵长类动物模型中单核细胞炎症基因表达和社会行为的对比影响,genomics,0
Mazemaster：一个基于Python的开源软件包，用于控制虚拟现实实验,neuroscience,1
Abnormal center of mass control during balance: a new biomarker of falls in people with Parkinson's disease,neuroscience,0
Evaluation of DNA extraction protocols from liquid-based cytology specimens for studying cervical microbiota,microbiology,0
Between-subject prediction reveals a shared representational geometry in the rodent hippocampus,neuroscience,1
Energetics of stochastic BCM type synaptic plasticity and storing of accurate information,neuroscience,0
极端炎热的天气对森林的鸟类繁殖的影响要比城市更强烈,ecology,1
精确癌症联合疗法的景观：单细胞视角,bioinformatics,0
EQTL目录：统一处理的人基因表达和剪接QTL的纲要,genomics,0
The histone variant macroH2A1.1 regulates RNA Polymerase II paused genes within defined chromatin interaction landscapes.,genomics,0
Learning to Integrate an Artificial Sensory Device: Early Bayesian Integration and Conscious Perception,neuroscience,1
大肠杆菌染色体蛋白质占用率的动态景观,systems biology,1
对新型人冠状病毒SARS-COV-2的跨物种演变的见解，并定义了疫苗发育的免疫决定因素,microbiology,1
从基因组测序数据中对新的人类病毒的可解释检测,bioinformatics,0
长期适应海军陆战队中全球变化条件后，转录可塑性的丧失和恢复,evolutionary biology,1
CopyMix: Mixture Model Based Single-Cell Clustering and Copy Number Profiling using Variational Inference,bioinformatics,0
精氨酸 - 瓦asopressin介导反调节胰高血糖素的释放，并在1型糖尿病中减少,cell biology,0
Fitting drift-diffusion decision models to trial-by-trial data,animal behavior and cognition,1
Semantic and Prosodic Threat Processing in Trait Anxiety.,neuroscience,0
Understanding population structure in an evolutionary context: population-specific FST and pairwise FST,evolutionary biology,0
Sharing mating opportunities by coalition males in stump-tailed macaques: elucidation of ecological mechanism by diversion of PvS model,animal behavior and cognition,0
Gamibhear：基因组架构映射数据的全基因组单倍型重建,bioinformatics,0
Further perceptions of probability: in defence of trial-by-trial estimation models,animal behavior and cognition,0
宿主能力，竞争和病原体传播模式对疾病患病率的背景依赖性影响,ecology,1
一个自我注意的模型，用于推断监管特征之间的合作性,genomics,0
Non-negative Independent Factor Analysis disentangles discrete and continuous sources of variation in scRNA-seq data,bioinformatics,1
Aquatic microbial community is partially functionally redundant: insights from an in situ reciprocal transplant experiment,ecology,1
时钟引起的上调HMGB1导致昼夜节律破坏炎症性小胶质细胞有助于压力大鼠的非dipper高血压,physiology,0
Godanti Bhasma (anhydrous CaSO4) induces massive cytoplasmic vacuolation and cell survival response through stimulation of LC3 Associated Phagocytosis (LAP),cell biology,0
Macrophage Scavenger Receptor 1 mediates lipid-induced inflammation in non-alcoholic fatty liver disease,immunology,0
Functional Role of Second Heart Field-derived Cells in Aortic Integrity in Mice,pathology,1
Optimal anticipatory control as a theory of motor preparation: a thalamo-cortical circuit model,neuroscience,0
立即冷冻保存对头部和颈部癌患者衍生的异种移植的患者的影响。,cancer biology,1
收到青睐的隐藏成本：债务理论,neuroscience,0
寄生虫固体固体分泌具有假定宿主操纵功能的蛋白质,genomics,1
HNRNPUL1功能丧失会影响骨骼和肢体发育,developmental biology,0
通过匹配的基因共表达分析和小鼠行为研究揭示了CDH11与ASD的关联,neuroscience,0
EMBER: Multi-label prediction of kinase-substrate phosphorylation events through deep learning,bioinformatics,1
双向突触可塑性迅速改变了海马表示,neuroscience,1
什么时候离开中途停留地点？时间 - 时间比当前的天气状况更重要,ecology,0
核孔蛋白NUP210的耗竭可通过异染色质介导的肿瘤细胞机械反应的破坏抑制转移,cancer biology,1
随机访问DNA存储器在可扩展的档案文件存储系统中,bioengineering,0
Highly replicated evolution of parapatric ecotypes,evolutionary biology,1
Phenotypic and genotypic parallel evolution in parapatric ecotypes of Senecio,evolutionary biology,1
Shape matters: the relationship between cell geometry and diversity in phytoplankton,ecology,0
Dynamic control of visually-guided locomotion through cortico-subthalamic projections,neuroscience,0
在空间长期存储器存储期间，记忆激活神经元中PKMζ的持续增加,neuroscience,0
多尺度计划有助于解决全球保护需求，并有区域优先级,ecology,1
"Dynamic, adaptive sampling during nanopore sequencing using Bayesian experimental design",genomics,1
人类序列处理中统计和规则之间的合理仲裁,neuroscience,0
Climate predicts geographic and temporal variation in mosquito-borne disease dynamics on two continents,ecology,0
Depletion of glycosaminoglycans decreases contact stiffness of single collagen I fibrils in aqueous solution,biophysics,1
Mechanisms underlying the cooperation between loss of epithelial polarity and Notch signaling during neoplastic growth in Drosophila,developmental biology,1
Sparse latent factor regression models for genome-wide and epigenome-wide association studies,bioinformatics,1
术后性选择与Peromyscus小鼠的精子质量有关,evolutionary biology,0
Reference-free reconstruction and quantification of transcriptomes from Nanopore long-read sequencing,bioinformatics,0
slkix8和slkix9是番茄叶和水果生长的负调节剂,plant biology,0
使用扩散MRI在体内映射小胶质细胞和星形胶质细胞激活,neuroscience,1
A cryptic pocket in Ebola VP35 allosterically controls RNA binding,biochemistry,0
病原体社区的组成和共同感染模式,ecology,1
蜂蜜蜜蜂大脑不同区域的视觉记忆形成的平行机制,animal behavior and cognition,0
SpliceViNCI: Visualizing the splicing of non-canonical introns through recurrent neural networks,bioinformatics,1
Spatiotemporal control of cell cycle acceleration during axolotl spinal cord regeneration,systems biology,1
Mobile Element Insertions and Associated Structural Variants in Longitudinal Breast Cancer Samples,genomics,1
Varicella-Zoster Virus ORF9 Is an Antagonist of the DNA Sensor cGAS,immunology,0
Measuring protected-area outcomes with leech iDNA: large-scale quantification of vertebrate biodiversity in Ailaoshan reserve,ecology,0
在水平多效性的情况下，在二样本摘要数据的平均概述贝叶斯模型的贝叶斯模型平均,genetics,0
加利福尼亚当前系统的生物地球化学变异性,ecology,1
Modeling How Community Assembly Alters the Functioning of Ecosystems,ecology,1
Evaluation of high-resolution atmospheric and oceanic simulations of the California Current System,ecology,1
可转座元件的人群级入侵会触发真菌病原体中的基因组扩展,genomics,1
The Pebble/Rho1/Anillin pathway controls polyploidization and axonal wrapping activity in the glial cells of the Drosophila eye,developmental biology,1
Predicting the retinotopic organization of human visual cortex from anatomy using geometric deep learning,neuroscience,0
Epigenomic translocation of H3K4me3 broad domains over oncogenes following hijacking of super-enhancers,genomics,1
病毒整合会使染色质转化为促进肿瘤发生,cancer biology,0
Host-induced gene silencing involves Arabidopsis ESCRT-III pathway for the transfer of dsRNA-derived siRNA,plant biology,0
糖肽抗生素teicoplanin通过抑制组织蛋白酶L的蛋白水解活性来抑制SARS-COV-2的细胞进入,microbiology,1
巨噬细胞将线粒体转移到神经元以解决炎症性疼痛,neuroscience,0
Neu-p11 induces NLRP3 inflammasome-induced pyroptosis via provoking NOX4-mediated mitochondrial oxidative injury in chordoma cells,cancer biology,0
唯一的接触社会失败或固定压力无法引起Wistar和野生型Groningen大鼠的一般焦虑和海马神经发生的持久变化,neuroscience,1
Parallel processing of sensory cue and spatial information in the Dentate Gyrus,neuroscience,0
活细胞成像揭示了RECA通过降低维度搜索发现同源DNA,microbiology,1
使用EpicONV对SCATAC-SEQ数据集进行了接合分析,bioinformatics,0
ROS触发的AMPK DE-Sumoylation促进了肝细胞癌细胞中的Warburg效应,cancer biology,0
Endocrine fine-tuning of daily locomotor activity patterns under non-starving conditions in Drosophila,neuroscience,0
胚外内胚层细胞诱导胃类神经组织,developmental biology,0
Distinct regionalization patterns of cortical morphology are associated with cognitive performance across different domains,neuroscience,1
Spindle-slow oscillation coupling during sleep predicts sequence-based language learning,neuroscience,0
Deficits in Behavioral and Neuronal Pattern Separation in Temporal Lobe Epilepsy,neuroscience,1
黄瓜马赛克病毒毒力因子2B的自噬降解抗病毒RNA沉默与前病毒植物适应性和病毒种子传播,plant biology,0
通过FGF4通过FGF4的细胞细胞通信产生并维持胚胎干细胞中分化细胞类型的强大比例,developmental biology,1
"High Sucrose Diets Contribute to Brain Angiopathy with Impaired Glucose Uptake, and Psychosis-related Higher Brain Dysfunctions in Mice",neuroscience,1
用于输入控制生物电路的现象学建模的模型减少工具,synthetic biology,1
Pou5f3 and Sox19b determine gene expression repertoire at Zygotic Genome Activation,developmental biology,0
在醒着的果酱的主要听觉皮层中，独特的天然音节选择性神经元合奏,neuroscience,0
Eukaryotic rather than prokaryotic microbiomes change over seasons in rewetted fen peatlands,microbiology,0
RCA基因簇的调节结构捕获了基因内TAD边界，CTCF介导的染色质环和远程基因间增强剂,genetics,1
Common postzygotic mutational signature in multiple healthy adult tissues related to embryonic hypoxia,genetics,0
蛋白质限制饮食对成人身体的跨代作用和果蝇的翅膀大小,evolutionary biology,0
A predictive processing model of episodic memory and time perception,neuroscience,1
Synaptomic analysis of dopaminergic inputs reveal hub synapses in the mouse striatum.,neuroscience,0
Renal tubule Cpt1a overexpression protects from kidney fibrosis by restoring mitochondrial homeostasis,biochemistry,1
重组和谱系特异性突变与SARS-COV-2的出现有关,evolutionary biology,0
改变唐氏综合症中神经元祖细胞的模式改变,developmental biology,0
Consilience and the Peripheral Sensory Adaptation Response,neuroscience,1
手工rear的狼表现出与狗相当的依恋，并在奇怪的情况测试中使用人类照顾者作为社交缓冲区,animal behavior and cognition,0
CA1锥体神经元中的GABA能抑制改变了小鼠的绝望行为,neuroscience,1
嗅觉导航期间嗅皮层中的空间图,neuroscience,0
沿连续的土壤水分梯度的特质塑性和协方差,plant biology,0
Spatial segregation and cooperation in radially expanding microbial colonies under antibiotic stress,microbiology,1
Efficient coding of numbers explains decision bias and noise,animal behavior and cognition,1
内体通过增强Parkin募集到线粒体来促进线粒体清除,cell biology,1
委内瑞拉马脑炎病毒（TC-83）感染的转录景观,microbiology,0
社会隔离通过幼虫斑马鱼中的常见催产症来调节食欲和防御行为,neuroscience,1
Quantitative dialing of gene expression via precision targeting of KRAB repressor,synthetic biology,0
Responses of tree species traits to soil variation in the Cerrado,ecology,0
沿进化的基因组中的分层二核苷酸分布及其对染色质填料的影响,evolutionary biology,1
健康和上瘾的人的独特信息寻求信息,neuroscience,0
纽卡斯尔疾病病毒通过重组疾病的表达会引起结构变化并改变先天的免疫感应,microbiology,1
神经素介导的神经发育缺陷是通过线粒体功能障碍诱导的，并由叶黄素在秀丽隐杆线虫中预防,neuroscience,0
